TimeUTC,timestampInMs,requestPath,requestMethod,requestQueryString,responseStatusCode,requestId,requestUserAgent,level,environment,branch,vercelCache,type,function,host,deploymentDomain,deploymentId,durationMs,region,maxMemoryUsed,memorySize,message,projectId,traceId,sessionId,invocationId,instanceId,concurrency
2026-01-30 17:58:25,1769795905310,udaansetuai.vercel.app/,GET,_rsc=3h7wn,304,6r96p-1769795905310-9c5f47efa6d0,"Mozilla/5.0 (Windows NT 10.0; Win64; x64) AppleWebKit/537.36 (KHTML, like Gecko) Chrome/143.0.0.0 Safari/537.36",,production,main,HIT,static,/frontend/,udaansetuai.vercel.app,udaansetu-ivlcev0dw-dhruvpatel16120s-projects.vercel.app,dpl_FihkPXgmYaEr6GAXdVqqNfWbMSbG,12,bom1,,,,prj_kErXilNoIEsHWK4baWoKnskemxTi,,,,,
2026-01-30 17:58:13,1769795893240,udaansetuai.vercel.app/,GET,_rsc=3h7wn,304,cw9tq-1769795893240-0431fd550fc9,"Mozilla/5.0 (Windows NT 10.0; Win64; x64) AppleWebKit/537.36 (KHTML, like Gecko) Chrome/143.0.0.0 Safari/537.36",,production,main,HIT,static,/frontend/,udaansetuai.vercel.app,udaansetu-ivlcev0dw-dhruvpatel16120s-projects.vercel.app,dpl_FihkPXgmYaEr6GAXdVqqNfWbMSbG,6,bom1,,,,prj_kErXilNoIEsHWK4baWoKnskemxTi,,,,,
2026-01-30 17:58:12,1769795892860,udaansetuai.vercel.app/auth,GET,mode=sign-up,200,t4hln-1769795892860-61f661c51a5b,"Mozilla/5.0 (Windows NT 10.0; Win64; x64) AppleWebKit/537.36 (KHTML, like Gecko) Chrome/143.0.0.0 Safari/537.36",,production,main,HIT,static,/frontend/auth,udaansetuai.vercel.app,udaansetu-ivlcev0dw-dhruvpatel16120s-projects.vercel.app,dpl_FihkPXgmYaEr6GAXdVqqNfWbMSbG,5,bom1,,,,prj_kErXilNoIEsHWK4baWoKnskemxTi,,,,,
2026-01-30 17:58:12,1769795892740,udaansetuai.vercel.app/auth,GET,mode=sign-up&_rsc=6wdt4,200,b6k2w-1769795892740-f78cbb7d6868,"Mozilla/5.0 (Windows NT 10.0; Win64; x64) AppleWebKit/537.36 (KHTML, like Gecko) Chrome/143.0.0.0 Safari/537.36",,production,main,HIT,static,/frontend/auth,udaansetuai.vercel.app,udaansetu-ivlcev0dw-dhruvpatel16120s-projects.vercel.app,dpl_FihkPXgmYaEr6GAXdVqqNfWbMSbG,14,bom1,,,,prj_kErXilNoIEsHWK4baWoKnskemxTi,,,,,
2026-01-30 17:58:06,1769795886485,udaansetuai.vercel.app/,GET,_rsc=3h7wn,304,klrxp-1769795886485-e8ee166ddf51,"Mozilla/5.0 (Windows NT 10.0; Win64; x64) AppleWebKit/537.36 (KHTML, like Gecko) Chrome/143.0.0.0 Safari/537.36",,production,main,HIT,static,/frontend/,udaansetuai.vercel.app,udaansetu-ivlcev0dw-dhruvpatel16120s-projects.vercel.app,dpl_FihkPXgmYaEr6GAXdVqqNfWbMSbG,11,bom1,,,,prj_kErXilNoIEsHWK4baWoKnskemxTi,,,,,
2026-01-30 17:58:06,1769795886480,udaansetuai.vercel.app/auth/forgot-password,GET,_rsc=3h7wn,304,cpz6j-1769795886480-e25136d1ff4e,"Mozilla/5.0 (Windows NT 10.0; Win64; x64) AppleWebKit/537.36 (KHTML, like Gecko) Chrome/143.0.0.0 Safari/537.36",,production,main,HIT,static,/frontend/auth/forgot-password,udaansetuai.vercel.app,udaansetu-ivlcev0dw-dhruvpatel16120s-projects.vercel.app,dpl_FihkPXgmYaEr6GAXdVqqNfWbMSbG,5,bom1,,,,prj_kErXilNoIEsHWK4baWoKnskemxTi,,,,,
2026-01-30 17:58:06,1769795886180,udaansetuai.vercel.app/auth,GET,mode=sign-in,304,cpz6j-1769795886180-743f95f48448,"Mozilla/5.0 (Windows NT 10.0; Win64; x64) AppleWebKit/537.36 (KHTML, like Gecko) Chrome/143.0.0.0 Safari/537.36",,production,main,HIT,static,/frontend/auth,udaansetuai.vercel.app,udaansetu-ivlcev0dw-dhruvpatel16120s-projects.vercel.app,dpl_FihkPXgmYaEr6GAXdVqqNfWbMSbG,13,bom1,,,,prj_kErXilNoIEsHWK4baWoKnskemxTi,,,,,
2026-01-30 17:56:08,1769795768160,udaansetuai.vercel.app/auth/forgot-password,GET,_rsc=3h7wn,304,v2drt-1769795768160-2a6d5064787d,"Mozilla/5.0 (Windows NT 10.0; Win64; x64) AppleWebKit/537.36 (KHTML, like Gecko) Chrome/143.0.0.0 Safari/537.36",,production,main,HIT,static,/frontend/auth/forgot-password,udaansetuai.vercel.app,udaansetu-ivlcev0dw-dhruvpatel16120s-projects.vercel.app,dpl_FihkPXgmYaEr6GAXdVqqNfWbMSbG,11,bom1,,,,prj_kErXilNoIEsHWK4baWoKnskemxTi,,,,,
2026-01-30 17:56:08,1769795768160,udaansetuai.vercel.app/,GET,_rsc=3h7wn,304,g8vv8-1769795768160-69b6601567c0,"Mozilla/5.0 (Windows NT 10.0; Win64; x64) AppleWebKit/537.36 (KHTML, like Gecko) Chrome/143.0.0.0 Safari/537.36",,production,main,HIT,static,/frontend/,udaansetuai.vercel.app,udaansetu-ivlcev0dw-dhruvpatel16120s-projects.vercel.app,dpl_FihkPXgmYaEr6GAXdVqqNfWbMSbG,17,bom1,,,,prj_kErXilNoIEsHWK4baWoKnskemxTi,,,,,
2026-01-30 17:56:08,1769795768004,udaansetuai.vercel.app/auth,GET,mode=sign-in,304,qnwvf-1769795768004-459b7b628e99,"Mozilla/5.0 (Windows NT 10.0; Win64; x64) AppleWebKit/537.36 (KHTML, like Gecko) Chrome/143.0.0.0 Safari/537.36",,production,main,HIT,static,/frontend/auth,udaansetuai.vercel.app,udaansetu-ivlcev0dw-dhruvpatel16120s-projects.vercel.app,dpl_FihkPXgmYaEr6GAXdVqqNfWbMSbG,15,bom1,,,,prj_kErXilNoIEsHWK4baWoKnskemxTi,,,,,
2026-01-30 17:55:53,1769795753985,udaansetuai.vercel.app/auth/forgot-password,GET,_rsc=3h7wn,200,cct5p-1769795753985-d983e857cabb,"Mozilla/5.0 (Windows NT 10.0; Win64; x64) AppleWebKit/537.36 (KHTML, like Gecko) Chrome/143.0.0.0 Safari/537.36",,production,main,PRERENDER,static,/frontend/auth/forgot-password,udaansetuai.vercel.app,udaansetu-ivlcev0dw-dhruvpatel16120s-projects.vercel.app,dpl_FihkPXgmYaEr6GAXdVqqNfWbMSbG,496,bom1,,,,prj_kErXilNoIEsHWK4baWoKnskemxTi,,,,,
2026-01-30 17:55:53,1769795753980,udaansetuai.vercel.app/,GET,_rsc=3h7wn,200,wr97j-1769795753980-21202f5b53a9,"Mozilla/5.0 (Windows NT 10.0; Win64; x64) AppleWebKit/537.36 (KHTML, like Gecko) Chrome/143.0.0.0 Safari/537.36",,production,main,HIT,static,/frontend/,udaansetuai.vercel.app,udaansetu-ivlcev0dw-dhruvpatel16120s-projects.vercel.app,dpl_FihkPXgmYaEr6GAXdVqqNfWbMSbG,5,bom1,,,,prj_kErXilNoIEsHWK4baWoKnskemxTi,,,,,
2026-01-30 17:55:53,1769795753680,udaansetuai.vercel.app/auth,GET,mode=sign-in,200,gj9xk-1769795753680-39578ba41090,"Mozilla/5.0 (Windows NT 10.0; Win64; x64) AppleWebKit/537.36 (KHTML, like Gecko) Chrome/143.0.0.0 Safari/537.36",,production,main,HIT,static,/frontend/auth,udaansetuai.vercel.app,udaansetu-ivlcev0dw-dhruvpatel16120s-projects.vercel.app,dpl_FihkPXgmYaEr6GAXdVqqNfWbMSbG,4,bom1,,,,prj_kErXilNoIEsHWK4baWoKnskemxTi,,,,,
2026-01-30 17:55:53,1769795753580,udaansetuai.vercel.app/auth,GET,mode=sign-in&_rsc=vusbg,200,gjt9r-1769795753580-2845eb0d131a,"Mozilla/5.0 (Windows NT 10.0; Win64; x64) AppleWebKit/537.36 (KHTML, like Gecko) Chrome/143.0.0.0 Safari/537.36",,production,main,HIT,static,/frontend/auth,udaansetuai.vercel.app,udaansetu-ivlcev0dw-dhruvpatel16120s-projects.vercel.app,dpl_FihkPXgmYaEr6GAXdVqqNfWbMSbG,4,bom1,,,,prj_kErXilNoIEsHWK4baWoKnskemxTi,,,,,
2026-01-30 17:55:50,1769795750550,udaansetuai.vercel.app/auth,GET,_rsc=1r34m,200,gjt9r-1769795750550-a68a5edbe1c4,"Mozilla/5.0 (Windows NT 10.0; Win64; x64) AppleWebKit/537.36 (KHTML, like Gecko) Chrome/143.0.0.0 Safari/537.36",,production,main,HIT,static,/frontend/auth,udaansetuai.vercel.app,udaansetu-ivlcev0dw-dhruvpatel16120s-projects.vercel.app,dpl_FihkPXgmYaEr6GAXdVqqNfWbMSbG,7,bom1,,,,prj_kErXilNoIEsHWK4baWoKnskemxTi,,,,,
2026-01-30 17:55:50,1769795750550,udaansetuai.vercel.app/,GET,_rsc=1r34m,200,bsv29-1769795750550-c69c656778cd,"Mozilla/5.0 (Windows NT 10.0; Win64; x64) AppleWebKit/537.36 (KHTML, like Gecko) Chrome/143.0.0.0 Safari/537.36",,production,main,HIT,static,/frontend/,udaansetuai.vercel.app,udaansetu-ivlcev0dw-dhruvpatel16120s-projects.vercel.app,dpl_FihkPXgmYaEr6GAXdVqqNfWbMSbG,8,bom1,,,,prj_kErXilNoIEsHWK4baWoKnskemxTi,,,,,
2026-01-30 17:55:50,1769795750545,udaansetuai.vercel.app/assessment,GET,_rsc=1r34m,200,gj9xk-1769795750545-5ec7f92f4288,"Mozilla/5.0 (Windows NT 10.0; Win64; x64) AppleWebKit/537.36 (KHTML, like Gecko) Chrome/143.0.0.0 Safari/537.36",,production,main,PRERENDER,static,/frontend/assessment,udaansetuai.vercel.app,udaansetu-ivlcev0dw-dhruvpatel16120s-projects.vercel.app,dpl_FihkPXgmYaEr6GAXdVqqNfWbMSbG,476,bom1,,,,prj_kErXilNoIEsHWK4baWoKnskemxTi,,,,,
2026-01-30 17:55:50,1769795750540,udaansetuai.vercel.app/resources,GET,_rsc=1r34m,200,tvt76-1769795750540-03beaad5b18a,"Mozilla/5.0 (Windows NT 10.0; Win64; x64) AppleWebKit/537.36 (KHTML, like Gecko) Chrome/143.0.0.0 Safari/537.36",,production,main,PRERENDER,static,/frontend/resources,udaansetuai.vercel.app,udaansetu-ivlcev0dw-dhruvpatel16120s-projects.vercel.app,dpl_FihkPXgmYaEr6GAXdVqqNfWbMSbG,696,bom1,,,,prj_kErXilNoIEsHWK4baWoKnskemxTi,,,,,
2026-01-30 17:55:49,1769795749976,udaansetuai.vercel.app/auth,GET,mode=sign-in&_rsc=1r34m,200,tvt76-1769795749976-b45a6750f785,"Mozilla/5.0 (Windows NT 10.0; Win64; x64) AppleWebKit/537.36 (KHTML, like Gecko) Chrome/143.0.0.0 Safari/537.36",,production,main,PRERENDER,static,/frontend/auth,udaansetuai.vercel.app,udaansetu-ivlcev0dw-dhruvpatel16120s-projects.vercel.app,dpl_FihkPXgmYaEr6GAXdVqqNfWbMSbG,447,bom1,,,,prj_kErXilNoIEsHWK4baWoKnskemxTi,,,,,
2026-01-30 17:55:49,1769795749975,udaansetuai.vercel.app/auth,GET,mode=sign-up&_rsc=1r34m,200,bsv29-1769795749975-a49ff5ea8c4d,"Mozilla/5.0 (Windows NT 10.0; Win64; x64) AppleWebKit/537.36 (KHTML, like Gecko) Chrome/143.0.0.0 Safari/537.36",,production,main,PRERENDER,static,/frontend/auth,udaansetuai.vercel.app,udaansetu-ivlcev0dw-dhruvpatel16120s-projects.vercel.app,dpl_FihkPXgmYaEr6GAXdVqqNfWbMSbG,450,bom1,,,,prj_kErXilNoIEsHWK4baWoKnskemxTi,,,,,
2026-01-30 17:55:49,1769795749970,udaansetuai.vercel.app/auth/sign-up,GET,_rsc=1r34m,200,vzttv-1769795749970-7757ae85d6fe,"Mozilla/5.0 (Windows NT 10.0; Win64; x64) AppleWebKit/537.36 (KHTML, like Gecko) Chrome/143.0.0.0 Safari/537.36",,production,main,PRERENDER,static,/frontend/auth/sign-up,udaansetuai.vercel.app,udaansetu-ivlcev0dw-dhruvpatel16120s-projects.vercel.app,dpl_FihkPXgmYaEr6GAXdVqqNfWbMSbG,429,bom1,,,,prj_kErXilNoIEsHWK4baWoKnskemxTi,,,,,
2026-01-30 17:55:49,1769795749965,udaansetuai.vercel.app/about,GET,_rsc=1r34m,200,bwbnl-1769795749965-e1f5e7703aab,"Mozilla/5.0 (Windows NT 10.0; Win64; x64) AppleWebKit/537.36 (KHTML, like Gecko) Chrome/143.0.0.0 Safari/537.36",,production,main,PRERENDER,static,/frontend/about,udaansetuai.vercel.app,udaansetu-ivlcev0dw-dhruvpatel16120s-projects.vercel.app,dpl_FihkPXgmYaEr6GAXdVqqNfWbMSbG,440,bom1,,,,prj_kErXilNoIEsHWK4baWoKnskemxTi,,,,,
2026-01-30 17:55:48,1769795748179,udaansetuai.vercel.app/,GET,,200,tvt76-1769795748179-a20f3bf60d79,"Mozilla/5.0 (Windows NT 10.0; Win64; x64) AppleWebKit/537.36 (KHTML, like Gecko) Chrome/143.0.0.0 Safari/537.36",,production,main,PRERENDER,static,/frontend/,udaansetuai.vercel.app,udaansetu-ivlcev0dw-dhruvpatel16120s-projects.vercel.app,dpl_FihkPXgmYaEr6GAXdVqqNfWbMSbG,946,bom1,,,,prj_kErXilNoIEsHWK4baWoKnskemxTi,,,,,
2026-01-30 17:55:39,1769795739416,udaansetu-ivlcev0dw-dhruvpatel16120s-projects.vercel.app/_next/image,GET,url=%2Flogo.png&w=96&q=75,401,wbdqt-1769795739416-05cb2b6971e8,vercel-favicon/1.0,,production,main,,static,/_next/image,udaansetu-ivlcev0dw-dhruvpatel16120s-projects.vercel.app,udaansetu-ivlcev0dw-dhruvpatel16120s-projects.vercel.app,dpl_FihkPXgmYaEr6GAXdVqqNfWbMSbG,3,sfo1,,,,prj_kErXilNoIEsHWK4baWoKnskemxTi,,,,,
2026-01-30 17:55:39,1769795739382,udaansetu-ivlcev0dw-dhruvpatel16120s-projects.vercel.app/_next/image,GET,url=%2Flogo.png&w=96&q=75,401,slqgv-1769795739382-bfd746903d34,vercel-favicon/1.0,,production,main,,static,/_next/image,udaansetu-ivlcev0dw-dhruvpatel16120s-projects.vercel.app,udaansetu-ivlcev0dw-dhruvpatel16120s-projects.vercel.app,dpl_FihkPXgmYaEr6GAXdVqqNfWbMSbG,6,sfo1,,,,prj_kErXilNoIEsHWK4baWoKnskemxTi,,,,,
2026-01-30 17:55:38,1769795738616,udaansetu-ivlcev0dw-dhruvpatel16120s-projects.vercel.app/,GET,,200,cnx6g-1769795738616-0e5db75167fa,vercel-favicon/1.0,,production,main,HIT,static,/frontend/,udaansetu-ivlcev0dw-dhruvpatel16120s-projects.vercel.app,udaansetu-ivlcev0dw-dhruvpatel16120s-projects.vercel.app,dpl_FihkPXgmYaEr6GAXdVqqNfWbMSbG,32,sfo1,,,,prj_kErXilNoIEsHWK4baWoKnskemxTi,,,,,
2026-01-30 17:54:16,1769795656495,udaansetu-ivlcev0dw-dhruvpatel16120s-projects.vercel.app/auth,GET,_rsc=1r34m,200,qrwhq-1769795656495-412ddd3a1ce4,"Mozilla/5.0 (X11; Linux x86_64) AppleWebKit/537.36 (KHTML, like Gecko) HeadlessChrome/141.0.7390.0 Safari/537.36",,production,main,HIT,static,/frontend/auth,udaansetu-ivlcev0dw-dhruvpatel16120s-projects.vercel.app,udaansetu-ivlcev0dw-dhruvpatel16120s-projects.vercel.app,dpl_FihkPXgmYaEr6GAXdVqqNfWbMSbG,6,sfo1,,,,prj_kErXilNoIEsHWK4baWoKnskemxTi,,,,,
2026-01-30 17:54:16,1769795656412,udaansetu-ivlcev0dw-dhruvpatel16120s-projects.vercel.app/auth,GET,mode=sign-up&_rsc=1r34m,200,tw7sg-1769795656412-319d64a12cb0,"Mozilla/5.0 (X11; Linux x86_64) AppleWebKit/537.36 (KHTML, like Gecko) HeadlessChrome/141.0.7390.0 Safari/537.36",,production,main,HIT,static,/frontend/auth,udaansetu-ivlcev0dw-dhruvpatel16120s-projects.vercel.app,udaansetu-ivlcev0dw-dhruvpatel16120s-projects.vercel.app,dpl_FihkPXgmYaEr6GAXdVqqNfWbMSbG,4,sfo1,,,,prj_kErXilNoIEsHWK4baWoKnskemxTi,,,,,
2026-01-30 17:54:16,1769795656412,udaansetu-ivlcev0dw-dhruvpatel16120s-projects.vercel.app/auth,GET,mode=sign-in&_rsc=1r34m,200,g8z2z-1769795656412-012d8a509322,"Mozilla/5.0 (X11; Linux x86_64) AppleWebKit/537.36 (KHTML, like Gecko) HeadlessChrome/141.0.7390.0 Safari/537.36",,production,main,HIT,static,/frontend/auth,udaansetu-ivlcev0dw-dhruvpatel16120s-projects.vercel.app,udaansetu-ivlcev0dw-dhruvpatel16120s-projects.vercel.app,dpl_FihkPXgmYaEr6GAXdVqqNfWbMSbG,12,sfo1,,,,prj_kErXilNoIEsHWK4baWoKnskemxTi,,,,,
2026-01-30 17:54:16,1769795656412,udaansetu-ivlcev0dw-dhruvpatel16120s-projects.vercel.app/auth/sign-up,GET,_rsc=1r34m,200,2rf95-1769795656412-a34e22bc9fc6,"Mozilla/5.0 (X11; Linux x86_64) AppleWebKit/537.36 (KHTML, like Gecko) HeadlessChrome/141.0.7390.0 Safari/537.36",,production,main,HIT,static,/frontend/auth/sign-up,udaansetu-ivlcev0dw-dhruvpatel16120s-projects.vercel.app,udaansetu-ivlcev0dw-dhruvpatel16120s-projects.vercel.app,dpl_FihkPXgmYaEr6GAXdVqqNfWbMSbG,9,sfo1,,,,prj_kErXilNoIEsHWK4baWoKnskemxTi,,,,,
2026-01-30 17:54:16,1769795656397,udaansetu-ivlcev0dw-dhruvpatel16120s-projects.vercel.app/assessment,GET,_rsc=1r34m,200,dpjmq-1769795656397-21ca1d3d1bfc,vercel-screenshot/1.0,,production,main,HIT,static,/frontend/assessment,udaansetu-ivlcev0dw-dhruvpatel16120s-projects.vercel.app,udaansetu-ivlcev0dw-dhruvpatel16120s-projects.vercel.app,dpl_FihkPXgmYaEr6GAXdVqqNfWbMSbG,30,sfo1,,,,prj_kErXilNoIEsHWK4baWoKnskemxTi,,,,,
2026-01-30 17:54:16,1769795656395,udaansetu-ivlcev0dw-dhruvpatel16120s-projects.vercel.app/,GET,_rsc=1r34m,200,n8zcw-1769795656395-fd5c36352f89,vercel-screenshot/1.0,,production,main,HIT,static,/frontend/,udaansetu-ivlcev0dw-dhruvpatel16120s-projects.vercel.app,udaansetu-ivlcev0dw-dhruvpatel16120s-projects.vercel.app,dpl_FihkPXgmYaEr6GAXdVqqNfWbMSbG,10,sfo1,,,,prj_kErXilNoIEsHWK4baWoKnskemxTi,,,,,
2026-01-30 17:54:16,1769795656395,udaansetu-ivlcev0dw-dhruvpatel16120s-projects.vercel.app/resources,GET,_rsc=1r34m,200,f6mhb-1769795656395-85c30951c8af,vercel-screenshot/1.0,,production,main,HIT,static,/frontend/resources,udaansetu-ivlcev0dw-dhruvpatel16120s-projects.vercel.app,udaansetu-ivlcev0dw-dhruvpatel16120s-projects.vercel.app,dpl_FihkPXgmYaEr6GAXdVqqNfWbMSbG,11,sfo1,,,,prj_kErXilNoIEsHWK4baWoKnskemxTi,,,,,
2026-01-30 17:54:16,1769795656313,udaansetu-ivlcev0dw-dhruvpatel16120s-projects.vercel.app/auth,GET,mode=sign-up&_rsc=1r34m,200,pzjlm-1769795656313-4ffa62e9de33,vercel-screenshot/1.0,,production,main,HIT,static,/frontend/auth,udaansetu-ivlcev0dw-dhruvpatel16120s-projects.vercel.app,udaansetu-ivlcev0dw-dhruvpatel16120s-projects.vercel.app,dpl_FihkPXgmYaEr6GAXdVqqNfWbMSbG,5,sfo1,,,,prj_kErXilNoIEsHWK4baWoKnskemxTi,,,,,
2026-01-30 17:54:16,1769795656311,udaansetu-ivlcev0dw-dhruvpatel16120s-projects.vercel.app/auth,GET,mode=sign-in&_rsc=1r34m,200,9wr29-1769795656311-e4be8e7877c7,vercel-screenshot/1.0,,production,main,HIT,static,/frontend/auth,udaansetu-ivlcev0dw-dhruvpatel16120s-projects.vercel.app,udaansetu-ivlcev0dw-dhruvpatel16120s-projects.vercel.app,dpl_FihkPXgmYaEr6GAXdVqqNfWbMSbG,6,sfo1,,,,prj_kErXilNoIEsHWK4baWoKnskemxTi,,,,,
2026-01-30 17:54:16,1769795656299,udaansetu-ivlcev0dw-dhruvpatel16120s-projects.vercel.app/auth/sign-up,GET,_rsc=1r34m,200,9wr29-1769795656299-9c7f66098a60,vercel-screenshot/1.0,,production,main,HIT,static,/frontend/auth/sign-up,udaansetu-ivlcev0dw-dhruvpatel16120s-projects.vercel.app,udaansetu-ivlcev0dw-dhruvpatel16120s-projects.vercel.app,dpl_FihkPXgmYaEr6GAXdVqqNfWbMSbG,9,sfo1,,,,prj_kErXilNoIEsHWK4baWoKnskemxTi,,,,,
2026-01-30 17:54:16,1769795656297,udaansetu-ivlcev0dw-dhruvpatel16120s-projects.vercel.app/about,GET,_rsc=1r34m,200,sft46-1769795656297-3e4cec2a18b7,vercel-screenshot/1.0,,production,main,HIT,static,/frontend/about,udaansetu-ivlcev0dw-dhruvpatel16120s-projects.vercel.app,udaansetu-ivlcev0dw-dhruvpatel16120s-projects.vercel.app,dpl_FihkPXgmYaEr6GAXdVqqNfWbMSbG,8,sfo1,,,,prj_kErXilNoIEsHWK4baWoKnskemxTi,,,,,
2026-01-30 17:54:16,1769795656127,udaansetu-ivlcev0dw-dhruvpatel16120s-projects.vercel.app/,GET,_rsc=1r34m,200,srwnw-1769795656127-d61d09af70a8,"Mozilla/5.0 (X11; Linux x86_64) AppleWebKit/537.36 (KHTML, like Gecko) HeadlessChrome/141.0.7390.0 Safari/537.36",,production,main,HIT,static,/frontend/,udaansetu-ivlcev0dw-dhruvpatel16120s-projects.vercel.app,udaansetu-ivlcev0dw-dhruvpatel16120s-projects.vercel.app,dpl_FihkPXgmYaEr6GAXdVqqNfWbMSbG,8,sfo1,,,,prj_kErXilNoIEsHWK4baWoKnskemxTi,,,,,
2026-01-30 17:54:16,1769795656127,udaansetu-ivlcev0dw-dhruvpatel16120s-projects.vercel.app/auth,GET,_rsc=1r34m,200,b82zr-1769795656127-b1ced3308df8,"Mozilla/5.0 (X11; Linux x86_64) AppleWebKit/537.36 (KHTML, like Gecko) HeadlessChrome/141.0.7390.0 Safari/537.36",,production,main,HIT,static,/frontend/auth,udaansetu-ivlcev0dw-dhruvpatel16120s-projects.vercel.app,udaansetu-ivlcev0dw-dhruvpatel16120s-projects.vercel.app,dpl_FihkPXgmYaEr6GAXdVqqNfWbMSbG,8,sfo1,,,,prj_kErXilNoIEsHWK4baWoKnskemxTi,,,,,
2026-01-30 17:54:16,1769795656033,udaansetu-ivlcev0dw-dhruvpatel16120s-projects.vercel.app/assessment,GET,_rsc=1r34m,200,j9gn4-1769795656033-de72c17f6c23,"Mozilla/5.0 (X11; Linux x86_64) AppleWebKit/537.36 (KHTML, like Gecko) HeadlessChrome/141.0.7390.0 Safari/537.36",,production,main,PRERENDER,static,/frontend/assessment,udaansetu-ivlcev0dw-dhruvpatel16120s-projects.vercel.app,udaansetu-ivlcev0dw-dhruvpatel16120s-projects.vercel.app,dpl_FihkPXgmYaEr6GAXdVqqNfWbMSbG,319,sfo1,,,,prj_kErXilNoIEsHWK4baWoKnskemxTi,,,,,
2026-01-30 17:54:16,1769795656010,udaansetu-ivlcev0dw-dhruvpatel16120s-projects.vercel.app/resources,GET,_rsc=1r34m,200,98gq4-1769795656010-32e9eb514341,"Mozilla/5.0 (X11; Linux x86_64) AppleWebKit/537.36 (KHTML, like Gecko) HeadlessChrome/141.0.7390.0 Safari/537.36",,production,main,PRERENDER,static,/frontend/resources,udaansetu-ivlcev0dw-dhruvpatel16120s-projects.vercel.app,udaansetu-ivlcev0dw-dhruvpatel16120s-projects.vercel.app,dpl_FihkPXgmYaEr6GAXdVqqNfWbMSbG,286,sfo1,,,,prj_kErXilNoIEsHWK4baWoKnskemxTi,,,,,
2026-01-30 17:54:15,1769795655989,udaansetu-ivlcev0dw-dhruvpatel16120s-projects.vercel.app/about,GET,_rsc=1r34m,200,lxpgx-1769795655989-7ed2ffe2fba9,"Mozilla/5.0 (X11; Linux x86_64) AppleWebKit/537.36 (KHTML, like Gecko) HeadlessChrome/141.0.7390.0 Safari/537.36",,production,main,PRERENDER,static,/frontend/about,udaansetu-ivlcev0dw-dhruvpatel16120s-projects.vercel.app,udaansetu-ivlcev0dw-dhruvpatel16120s-projects.vercel.app,dpl_FihkPXgmYaEr6GAXdVqqNfWbMSbG,106,sfo1,,,,prj_kErXilNoIEsHWK4baWoKnskemxTi,,,,,
2026-01-30 17:54:15,1769795655989,udaansetu-ivlcev0dw-dhruvpatel16120s-projects.vercel.app/auth,GET,mode=sign-up&_rsc=1r34m,200,j9gn4-1769795655989-5d1c40bba04e,"Mozilla/5.0 (X11; Linux x86_64) AppleWebKit/537.36 (KHTML, like Gecko) HeadlessChrome/141.0.7390.0 Safari/537.36",,production,main,HIT,static,/frontend/auth,udaansetu-ivlcev0dw-dhruvpatel16120s-projects.vercel.app,udaansetu-ivlcev0dw-dhruvpatel16120s-projects.vercel.app,dpl_FihkPXgmYaEr6GAXdVqqNfWbMSbG,10,sfo1,,,,prj_kErXilNoIEsHWK4baWoKnskemxTi,,,,,
2026-01-30 17:54:15,1769795655989,udaansetu-ivlcev0dw-dhruvpatel16120s-projects.vercel.app/auth/sign-up,GET,_rsc=1r34m,200,h7xtj-1769795655989-cdc8dac91c92,"Mozilla/5.0 (X11; Linux x86_64) AppleWebKit/537.36 (KHTML, like Gecko) HeadlessChrome/141.0.7390.0 Safari/537.36",,production,main,PRERENDER,static,/frontend/auth/sign-up,udaansetu-ivlcev0dw-dhruvpatel16120s-projects.vercel.app,udaansetu-ivlcev0dw-dhruvpatel16120s-projects.vercel.app,dpl_FihkPXgmYaEr6GAXdVqqNfWbMSbG,113,sfo1,,,,prj_kErXilNoIEsHWK4baWoKnskemxTi,,,,,
2026-01-30 17:54:15,1769795655989,udaansetu-ivlcev0dw-dhruvpatel16120s-projects.vercel.app/auth,GET,mode=sign-in&_rsc=1r34m,200,98gq4-1769795655989-1bf1f1524cb7,"Mozilla/5.0 (X11; Linux x86_64) AppleWebKit/537.36 (KHTML, like Gecko) HeadlessChrome/141.0.7390.0 Safari/537.36",,production,main,HIT,static,/frontend/auth,udaansetu-ivlcev0dw-dhruvpatel16120s-projects.vercel.app,udaansetu-ivlcev0dw-dhruvpatel16120s-projects.vercel.app,dpl_FihkPXgmYaEr6GAXdVqqNfWbMSbG,18,sfo1,,,,prj_kErXilNoIEsHWK4baWoKnskemxTi,,,,,
2026-01-30 17:54:15,1769795655745,udaansetu-ivlcev0dw-dhruvpatel16120s-projects.vercel.app/auth,GET,mode=sign-in&_rsc=1r34m,200,9fwcb-1769795655745-28d2550e6ad9,vercel-screenshot/1.0,,production,main,PRERENDER,static,/frontend/auth,udaansetu-ivlcev0dw-dhruvpatel16120s-projects.vercel.app,udaansetu-ivlcev0dw-dhruvpatel16120s-projects.vercel.app,dpl_FihkPXgmYaEr6GAXdVqqNfWbMSbG,237,sfo1,,,,prj_kErXilNoIEsHWK4baWoKnskemxTi,,,,,
2026-01-30 17:54:15,1769795655744,udaansetu-ivlcev0dw-dhruvpatel16120s-projects.vercel.app/auth/sign-up,GET,_rsc=1r34m,200,f6mhb-1769795655744-56f8ab601ea6,vercel-screenshot/1.0,,production,main,PRERENDER,static,/frontend/auth/sign-up,udaansetu-ivlcev0dw-dhruvpatel16120s-projects.vercel.app,udaansetu-ivlcev0dw-dhruvpatel16120s-projects.vercel.app,dpl_FihkPXgmYaEr6GAXdVqqNfWbMSbG,281,sfo1,,,,prj_kErXilNoIEsHWK4baWoKnskemxTi,,,,,
2026-01-30 17:54:15,1769795655743,udaansetu-ivlcev0dw-dhruvpatel16120s-projects.vercel.app/about,GET,_rsc=1r34m,200,qcd2c-1769795655743-5137b80a606d,vercel-screenshot/1.0,,production,main,PRERENDER,static,/frontend/about,udaansetu-ivlcev0dw-dhruvpatel16120s-projects.vercel.app,udaansetu-ivlcev0dw-dhruvpatel16120s-projects.vercel.app,dpl_FihkPXgmYaEr6GAXdVqqNfWbMSbG,248,sfo1,,,,prj_kErXilNoIEsHWK4baWoKnskemxTi,,,,,
2026-01-30 17:54:15,1769795655619,udaansetu-ivlcev0dw-dhruvpatel16120s-projects.vercel.app/,GET,,200,g8z2z-1769795655619-e07e224be9c7,vercel-screenshot/1.0,,production,main,HIT,static,/frontend/,udaansetu-ivlcev0dw-dhruvpatel16120s-projects.vercel.app,udaansetu-ivlcev0dw-dhruvpatel16120s-projects.vercel.app,dpl_FihkPXgmYaEr6GAXdVqqNfWbMSbG,6,sfo1,,,,prj_kErXilNoIEsHWK4baWoKnskemxTi,,,,,
2026-01-30 17:54:15,1769795655291,udaansetu-ivlcev0dw-dhruvpatel16120s-projects.vercel.app/,GET,,200,b5g8l-1769795655291-09e2b1516cfb,vercel-screenshot/1.0,,production,main,HIT,static,/frontend/,udaansetu-ivlcev0dw-dhruvpatel16120s-projects.vercel.app,udaansetu-ivlcev0dw-dhruvpatel16120s-projects.vercel.app,dpl_FihkPXgmYaEr6GAXdVqqNfWbMSbG,6,sfo1,,,,prj_kErXilNoIEsHWK4baWoKnskemxTi,,,,,
2026-01-30 17:54:15,1769795655170,udaansetu-ivlcev0dw-dhruvpatel16120s-projects.vercel.app/,GET,,200,dh9z6-1769795655170-6522e41d041b,vercel-screenshot/1.0,,production,main,HIT,static,/frontend/,udaansetu-ivlcev0dw-dhruvpatel16120s-projects.vercel.app,udaansetu-ivlcev0dw-dhruvpatel16120s-projects.vercel.app,dpl_FihkPXgmYaEr6GAXdVqqNfWbMSbG,120,sfo1,,,,prj_kErXilNoIEsHWK4baWoKnskemxTi,,,,,
2026-01-30 17:54:15,1769795655102,udaansetu-ivlcev0dw-dhruvpatel16120s-projects.vercel.app/,GET,,200,pgs2n-1769795655102-f1804a5150c4,vercel-screenshot/1.0,,production,main,HIT,static,/frontend/,udaansetu-ivlcev0dw-dhruvpatel16120s-projects.vercel.app,udaansetu-ivlcev0dw-dhruvpatel16120s-projects.vercel.app,dpl_FihkPXgmYaEr6GAXdVqqNfWbMSbG,122,sfo1,,,,prj_kErXilNoIEsHWK4baWoKnskemxTi,,,,,
2026-01-30 17:50:44,1769795444196,udaansetuai.vercel.app/auth,GET,_rsc=1r34m,200,2v8jj-1769795444196-cb642920d908,"Mozilla/5.0 (Windows NT 10.0; Win64; x64) AppleWebKit/537.36 (KHTML, like Gecko) Chrome/143.0.0.0 Safari/537.36",,production,main,HIT,static,/frontend/auth,udaansetuai.vercel.app,udaansetu-gvrpcemh7-dhruvpatel16120s-projects.vercel.app,dpl_HUgNGHhXmKw9hjgzUS5N9BrQZ9Bz,11,bom1,,,,prj_kErXilNoIEsHWK4baWoKnskemxTi,,,,,
2026-01-30 17:50:44,1769795444190,udaansetuai.vercel.app/assessment,GET,_rsc=1r34m,200,sc6fn-1769795444190-5dfbf91b43fd,"Mozilla/5.0 (Windows NT 10.0; Win64; x64) AppleWebKit/537.36 (KHTML, like Gecko) Chrome/143.0.0.0 Safari/537.36",,production,main,PRERENDER,static,/frontend/assessment,udaansetuai.vercel.app,udaansetu-gvrpcemh7-dhruvpatel16120s-projects.vercel.app,dpl_HUgNGHhXmKw9hjgzUS5N9BrQZ9Bz,473,bom1,,,,prj_kErXilNoIEsHWK4baWoKnskemxTi,,,,,
2026-01-30 17:50:44,1769795444190,udaansetuai.vercel.app/resources,GET,_rsc=1r34m,200,4ncdr-1769795444190-aeed25b3e382,"Mozilla/5.0 (Windows NT 10.0; Win64; x64) AppleWebKit/537.36 (KHTML, like Gecko) Chrome/143.0.0.0 Safari/537.36",,production,main,PRERENDER,static,/frontend/resources,udaansetuai.vercel.app,udaansetu-gvrpcemh7-dhruvpatel16120s-projects.vercel.app,dpl_HUgNGHhXmKw9hjgzUS5N9BrQZ9Bz,477,bom1,,,,prj_kErXilNoIEsHWK4baWoKnskemxTi,,,,,
2026-01-30 17:50:44,1769795444190,udaansetuai.vercel.app/,GET,_rsc=1r34m,200,4b8wx-1769795444190-d568e0776589,"Mozilla/5.0 (Windows NT 10.0; Win64; x64) AppleWebKit/537.36 (KHTML, like Gecko) Chrome/143.0.0.0 Safari/537.36",,production,main,HIT,static,/frontend/,udaansetuai.vercel.app,udaansetu-gvrpcemh7-dhruvpatel16120s-projects.vercel.app,dpl_HUgNGHhXmKw9hjgzUS5N9BrQZ9Bz,13,bom1,,,,prj_kErXilNoIEsHWK4baWoKnskemxTi,,,,,
2026-01-30 17:50:43,1769795443530,udaansetuai.vercel.app/auth,GET,mode=sign-up&_rsc=1r34m,200,rdngn-1769795443530-e789655bd073,"Mozilla/5.0 (Windows NT 10.0; Win64; x64) AppleWebKit/537.36 (KHTML, like Gecko) Chrome/143.0.0.0 Safari/537.36",,production,main,PRERENDER,static,/frontend/auth,udaansetuai.vercel.app,udaansetu-gvrpcemh7-dhruvpatel16120s-projects.vercel.app,dpl_HUgNGHhXmKw9hjgzUS5N9BrQZ9Bz,453,bom1,,,,prj_kErXilNoIEsHWK4baWoKnskemxTi,,,,,
2026-01-30 17:50:43,1769795443530,udaansetuai.vercel.app/about,GET,_rsc=1r34m,200,6cxw6-1769795443530-4c09a8ba6678,"Mozilla/5.0 (Windows NT 10.0; Win64; x64) AppleWebKit/537.36 (KHTML, like Gecko) Chrome/143.0.0.0 Safari/537.36",,production,main,PRERENDER,static,/frontend/about,udaansetuai.vercel.app,udaansetu-gvrpcemh7-dhruvpatel16120s-projects.vercel.app,dpl_HUgNGHhXmKw9hjgzUS5N9BrQZ9Bz,475,bom1,,,,prj_kErXilNoIEsHWK4baWoKnskemxTi,,,,,
2026-01-30 17:50:43,1769795443530,udaansetuai.vercel.app/auth/sign-up,GET,_rsc=1r34m,200,4sh6n-1769795443530-e2471d9d689f,"Mozilla/5.0 (Windows NT 10.0; Win64; x64) AppleWebKit/537.36 (KHTML, like Gecko) Chrome/143.0.0.0 Safari/537.36",,production,main,PRERENDER,static,/frontend/auth/sign-up,udaansetuai.vercel.app,udaansetu-gvrpcemh7-dhruvpatel16120s-projects.vercel.app,dpl_HUgNGHhXmKw9hjgzUS5N9BrQZ9Bz,518,bom1,,,,prj_kErXilNoIEsHWK4baWoKnskemxTi,,,,,
2026-01-30 17:50:40,1769795440680,udaansetuai.vercel.app/,GET,,200,4b8wx-1769795440680-b1f6ba2fdbea,"Mozilla/5.0 (Windows NT 10.0; Win64; x64) AppleWebKit/537.36 (KHTML, like Gecko) Chrome/143.0.0.0 Safari/537.36",,production,main,PRERENDER,static,/frontend/,udaansetuai.vercel.app,udaansetu-gvrpcemh7-dhruvpatel16120s-projects.vercel.app,dpl_HUgNGHhXmKw9hjgzUS5N9BrQZ9Bz,961,bom1,,,,prj_kErXilNoIEsHWK4baWoKnskemxTi,,,,,
2026-01-30 17:50:35,1769795435939,udaansetu-gvrpcemh7-dhruvpatel16120s-projects.vercel.app/assessment,GET,_rsc=1r34m,200,zs9kz-1769795435939-5ec724e49b66,"Mozilla/5.0 (X11; Linux x86_64) AppleWebKit/537.36 (KHTML, like Gecko) HeadlessChrome/141.0.7390.0 Safari/537.36",,production,main,HIT,static,/frontend/assessment,udaansetu-gvrpcemh7-dhruvpatel16120s-projects.vercel.app,udaansetu-gvrpcemh7-dhruvpatel16120s-projects.vercel.app,dpl_HUgNGHhXmKw9hjgzUS5N9BrQZ9Bz,5,sfo1,,,,prj_kErXilNoIEsHWK4baWoKnskemxTi,,,,,
2026-01-30 17:50:35,1769795435939,udaansetu-gvrpcemh7-dhruvpatel16120s-projects.vercel.app/resources,GET,_rsc=1r34m,200,qrwhq-1769795435939-bd3308e699d5,"Mozilla/5.0 (X11; Linux x86_64) AppleWebKit/537.36 (KHTML, like Gecko) HeadlessChrome/141.0.7390.0 Safari/537.36",,production,main,HIT,static,/frontend/resources,udaansetu-gvrpcemh7-dhruvpatel16120s-projects.vercel.app,udaansetu-gvrpcemh7-dhruvpatel16120s-projects.vercel.app,dpl_HUgNGHhXmKw9hjgzUS5N9BrQZ9Bz,11,sfo1,,,,prj_kErXilNoIEsHWK4baWoKnskemxTi,,,,,
2026-01-30 17:50:35,1769795435873,udaansetu-gvrpcemh7-dhruvpatel16120s-projects.vercel.app/auth,GET,mode=sign-up&_rsc=1r34m,200,zs9kz-1769795435873-0c5a16a1aa19,"Mozilla/5.0 (X11; Linux x86_64) AppleWebKit/537.36 (KHTML, like Gecko) HeadlessChrome/141.0.7390.0 Safari/537.36",,production,main,HIT,static,/frontend/auth,udaansetu-gvrpcemh7-dhruvpatel16120s-projects.vercel.app,udaansetu-gvrpcemh7-dhruvpatel16120s-projects.vercel.app,dpl_HUgNGHhXmKw9hjgzUS5N9BrQZ9Bz,14,sfo1,,,,prj_kErXilNoIEsHWK4baWoKnskemxTi,,,,,
2026-01-30 17:50:35,1769795435873,udaansetu-gvrpcemh7-dhruvpatel16120s-projects.vercel.app/about,GET,_rsc=1r34m,200,m5g6j-1769795435873-b6c59cabba2d,"Mozilla/5.0 (X11; Linux x86_64) AppleWebKit/537.36 (KHTML, like Gecko) HeadlessChrome/141.0.7390.0 Safari/537.36",,production,main,HIT,static,/frontend/about,udaansetu-gvrpcemh7-dhruvpatel16120s-projects.vercel.app,udaansetu-gvrpcemh7-dhruvpatel16120s-projects.vercel.app,dpl_HUgNGHhXmKw9hjgzUS5N9BrQZ9Bz,5,sfo1,,,,prj_kErXilNoIEsHWK4baWoKnskemxTi,,,,,
2026-01-30 17:50:35,1769795435439,udaansetu-gvrpcemh7-dhruvpatel16120s-projects.vercel.app/_next/image,GET,url=%2Flogo.png&w=96&q=75,401,sft46-1769795435439-d4afb33b09bc,vercel-favicon/1.0,,production,main,,static,/_next/image,udaansetu-gvrpcemh7-dhruvpatel16120s-projects.vercel.app,udaansetu-gvrpcemh7-dhruvpatel16120s-projects.vercel.app,dpl_HUgNGHhXmKw9hjgzUS5N9BrQZ9Bz,3,sfo1,,,,prj_kErXilNoIEsHWK4baWoKnskemxTi,,,,,
2026-01-30 17:50:35,1769795435091,udaansetu-gvrpcemh7-dhruvpatel16120s-projects.vercel.app/,GET,_rsc=1r34m,200,kjcp2-1769795435091-86508107d3d5,"Mozilla/5.0 (X11; Linux x86_64) AppleWebKit/537.36 (KHTML, like Gecko) HeadlessChrome/141.0.7390.0 Safari/537.36",,production,main,HIT,static,/frontend/,udaansetu-gvrpcemh7-dhruvpatel16120s-projects.vercel.app,udaansetu-gvrpcemh7-dhruvpatel16120s-projects.vercel.app,dpl_HUgNGHhXmKw9hjgzUS5N9BrQZ9Bz,7,sfo1,,,,prj_kErXilNoIEsHWK4baWoKnskemxTi,,,,,
2026-01-30 17:50:35,1769795435087,udaansetu-gvrpcemh7-dhruvpatel16120s-projects.vercel.app/assessment,GET,_rsc=1r34m,200,m5g6j-1769795435087-5fbe92d850cc,"Mozilla/5.0 (X11; Linux x86_64) AppleWebKit/537.36 (KHTML, like Gecko) HeadlessChrome/141.0.7390.0 Safari/537.36",,production,main,HIT,static,/frontend/assessment,udaansetu-gvrpcemh7-dhruvpatel16120s-projects.vercel.app,udaansetu-gvrpcemh7-dhruvpatel16120s-projects.vercel.app,dpl_HUgNGHhXmKw9hjgzUS5N9BrQZ9Bz,5,sfo1,,,,prj_kErXilNoIEsHWK4baWoKnskemxTi,,,,,
2026-01-30 17:50:35,1769795435087,udaansetu-gvrpcemh7-dhruvpatel16120s-projects.vercel.app/auth,GET,_rsc=1r34m,200,2t9rq-1769795435087-d08461e01870,"Mozilla/5.0 (X11; Linux x86_64) AppleWebKit/537.36 (KHTML, like Gecko) HeadlessChrome/141.0.7390.0 Safari/537.36",,production,main,HIT,static,/frontend/auth,udaansetu-gvrpcemh7-dhruvpatel16120s-projects.vercel.app,udaansetu-gvrpcemh7-dhruvpatel16120s-projects.vercel.app,dpl_HUgNGHhXmKw9hjgzUS5N9BrQZ9Bz,9,sfo1,,,,prj_kErXilNoIEsHWK4baWoKnskemxTi,,,,,
2026-01-30 17:50:35,1769795435086,udaansetu-gvrpcemh7-dhruvpatel16120s-projects.vercel.app/resources,GET,_rsc=1r34m,200,q7527-1769795435086-151d27e74779,"Mozilla/5.0 (X11; Linux x86_64) AppleWebKit/537.36 (KHTML, like Gecko) HeadlessChrome/141.0.7390.0 Safari/537.36",,production,main,HIT,static,/frontend/resources,udaansetu-gvrpcemh7-dhruvpatel16120s-projects.vercel.app,udaansetu-gvrpcemh7-dhruvpatel16120s-projects.vercel.app,dpl_HUgNGHhXmKw9hjgzUS5N9BrQZ9Bz,7,sfo1,,,,prj_kErXilNoIEsHWK4baWoKnskemxTi,,,,,
2026-01-30 17:50:35,1769795435028,udaansetu-gvrpcemh7-dhruvpatel16120s-projects.vercel.app/auth,GET,mode=sign-in&_rsc=1r34m,200,m2fbw-1769795435028-ac72a20ad9ce,"Mozilla/5.0 (X11; Linux x86_64) AppleWebKit/537.36 (KHTML, like Gecko) HeadlessChrome/141.0.7390.0 Safari/537.36",,production,main,HIT,static,/frontend/auth,udaansetu-gvrpcemh7-dhruvpatel16120s-projects.vercel.app,udaansetu-gvrpcemh7-dhruvpatel16120s-projects.vercel.app,dpl_HUgNGHhXmKw9hjgzUS5N9BrQZ9Bz,9,sfo1,,,,prj_kErXilNoIEsHWK4baWoKnskemxTi,,,,,
2026-01-30 17:50:35,1769795435027,udaansetu-gvrpcemh7-dhruvpatel16120s-projects.vercel.app/auth/sign-up,GET,_rsc=1r34m,200,kjcp2-1769795435027-235934bdf570,"Mozilla/5.0 (X11; Linux x86_64) AppleWebKit/537.36 (KHTML, like Gecko) HeadlessChrome/141.0.7390.0 Safari/537.36",,production,main,HIT,static,/frontend/auth/sign-up,udaansetu-gvrpcemh7-dhruvpatel16120s-projects.vercel.app,udaansetu-gvrpcemh7-dhruvpatel16120s-projects.vercel.app,dpl_HUgNGHhXmKw9hjgzUS5N9BrQZ9Bz,12,sfo1,,,,prj_kErXilNoIEsHWK4baWoKnskemxTi,,,,,
2026-01-30 17:50:35,1769795435027,udaansetu-gvrpcemh7-dhruvpatel16120s-projects.vercel.app/auth,GET,mode=sign-up&_rsc=1r34m,200,cnx6g-1769795435027-889af103e026,"Mozilla/5.0 (X11; Linux x86_64) AppleWebKit/537.36 (KHTML, like Gecko) HeadlessChrome/141.0.7390.0 Safari/537.36",,production,main,HIT,static,/frontend/auth,udaansetu-gvrpcemh7-dhruvpatel16120s-projects.vercel.app,udaansetu-gvrpcemh7-dhruvpatel16120s-projects.vercel.app,dpl_HUgNGHhXmKw9hjgzUS5N9BrQZ9Bz,8,sfo1,,,,prj_kErXilNoIEsHWK4baWoKnskemxTi,,,,,
2026-01-30 17:50:35,1769795435024,udaansetu-gvrpcemh7-dhruvpatel16120s-projects.vercel.app/about,GET,_rsc=1r34m,200,m5g6j-1769795435024-37218304fbdb,"Mozilla/5.0 (X11; Linux x86_64) AppleWebKit/537.36 (KHTML, like Gecko) HeadlessChrome/141.0.7390.0 Safari/537.36",,production,main,HIT,static,/frontend/about,udaansetu-gvrpcemh7-dhruvpatel16120s-projects.vercel.app,udaansetu-gvrpcemh7-dhruvpatel16120s-projects.vercel.app,dpl_HUgNGHhXmKw9hjgzUS5N9BrQZ9Bz,16,sfo1,,,,prj_kErXilNoIEsHWK4baWoKnskemxTi,,,,,
2026-01-30 17:50:34,1769795434735,udaansetu-gvrpcemh7-dhruvpatel16120s-projects.vercel.app/,GET,,200,kk825-1769795434735-172b17ddf0ba,vercel-favicon/1.0,,production,main,HIT,static,/frontend/,udaansetu-gvrpcemh7-dhruvpatel16120s-projects.vercel.app,udaansetu-gvrpcemh7-dhruvpatel16120s-projects.vercel.app,dpl_HUgNGHhXmKw9hjgzUS5N9BrQZ9Bz,6,sfo1,,,,prj_kErXilNoIEsHWK4baWoKnskemxTi,,,,,
2026-01-30 17:50:34,1769795434715,udaansetu-gvrpcemh7-dhruvpatel16120s-projects.vercel.app/auth,GET,_rsc=1r34m,200,dpjmq-1769795434715-adf1ef114bdc,"Mozilla/5.0 (X11; Linux x86_64) AppleWebKit/537.36 (KHTML, like Gecko) HeadlessChrome/141.0.7390.0 Safari/537.36",,production,main,HIT,static,/frontend/auth,udaansetu-gvrpcemh7-dhruvpatel16120s-projects.vercel.app,udaansetu-gvrpcemh7-dhruvpatel16120s-projects.vercel.app,dpl_HUgNGHhXmKw9hjgzUS5N9BrQZ9Bz,11,sfo1,,,,prj_kErXilNoIEsHWK4baWoKnskemxTi,,,,,
2026-01-30 17:50:34,1769795434715,udaansetu-gvrpcemh7-dhruvpatel16120s-projects.vercel.app/,GET,_rsc=1r34m,200,5frvj-1769795434715-42f74cd2b99d,"Mozilla/5.0 (X11; Linux x86_64) AppleWebKit/537.36 (KHTML, like Gecko) HeadlessChrome/141.0.7390.0 Safari/537.36",,production,main,HIT,static,/frontend/,udaansetu-gvrpcemh7-dhruvpatel16120s-projects.vercel.app,udaansetu-gvrpcemh7-dhruvpatel16120s-projects.vercel.app,dpl_HUgNGHhXmKw9hjgzUS5N9BrQZ9Bz,8,sfo1,,,,prj_kErXilNoIEsHWK4baWoKnskemxTi,,,,,
2026-01-30 17:50:34,1769795434699,udaansetu-gvrpcemh7-dhruvpatel16120s-projects.vercel.app/resources,GET,_rsc=1r34m,200,5frvj-1769795434699-c3374cd0937b,"Mozilla/5.0 (X11; Linux x86_64) AppleWebKit/537.36 (KHTML, like Gecko) HeadlessChrome/141.0.7390.0 Safari/537.36",,production,main,HIT,static,/frontend/resources,udaansetu-gvrpcemh7-dhruvpatel16120s-projects.vercel.app,udaansetu-gvrpcemh7-dhruvpatel16120s-projects.vercel.app,dpl_HUgNGHhXmKw9hjgzUS5N9BrQZ9Bz,13,sfo1,,,,prj_kErXilNoIEsHWK4baWoKnskemxTi,,,,,
2026-01-30 17:50:34,1769795434635,udaansetu-gvrpcemh7-dhruvpatel16120s-projects.vercel.app/auth/sign-up,GET,_rsc=1r34m,200,t5mhj-1769795434635-8b7fe7c4d8f4,"Mozilla/5.0 (X11; Linux x86_64) AppleWebKit/537.36 (KHTML, like Gecko) HeadlessChrome/141.0.7390.0 Safari/537.36",,production,main,HIT,static,/frontend/auth/sign-up,udaansetu-gvrpcemh7-dhruvpatel16120s-projects.vercel.app,udaansetu-gvrpcemh7-dhruvpatel16120s-projects.vercel.app,dpl_HUgNGHhXmKw9hjgzUS5N9BrQZ9Bz,7,sfo1,,,,prj_kErXilNoIEsHWK4baWoKnskemxTi,,,,,
2026-01-30 17:50:34,1769795434635,udaansetu-gvrpcemh7-dhruvpatel16120s-projects.vercel.app/auth,GET,mode=sign-in&_rsc=1r34m,200,sgkg7-1769795434635-c7ee771331fb,"Mozilla/5.0 (X11; Linux x86_64) AppleWebKit/537.36 (KHTML, like Gecko) HeadlessChrome/141.0.7390.0 Safari/537.36",,production,main,HIT,static,/frontend/auth,udaansetu-gvrpcemh7-dhruvpatel16120s-projects.vercel.app,udaansetu-gvrpcemh7-dhruvpatel16120s-projects.vercel.app,dpl_HUgNGHhXmKw9hjgzUS5N9BrQZ9Bz,11,sfo1,,,,prj_kErXilNoIEsHWK4baWoKnskemxTi,,,,,
2026-01-30 17:50:34,1769795434635,udaansetu-gvrpcemh7-dhruvpatel16120s-projects.vercel.app/auth,GET,mode=sign-up&_rsc=1r34m,200,qr42t-1769795434635-54ad0420fe33,"Mozilla/5.0 (X11; Linux x86_64) AppleWebKit/537.36 (KHTML, like Gecko) HeadlessChrome/141.0.7390.0 Safari/537.36",,production,main,HIT,static,/frontend/auth,udaansetu-gvrpcemh7-dhruvpatel16120s-projects.vercel.app,udaansetu-gvrpcemh7-dhruvpatel16120s-projects.vercel.app,dpl_HUgNGHhXmKw9hjgzUS5N9BrQZ9Bz,8,sfo1,,,,prj_kErXilNoIEsHWK4baWoKnskemxTi,,,,,
2026-01-30 17:50:34,1769795434635,udaansetu-gvrpcemh7-dhruvpatel16120s-projects.vercel.app/about,GET,_rsc=1r34m,200,dpjmq-1769795434635-a8aa8308f38d,"Mozilla/5.0 (X11; Linux x86_64) AppleWebKit/537.36 (KHTML, like Gecko) HeadlessChrome/141.0.7390.0 Safari/537.36",,production,main,HIT,static,/frontend/about,udaansetu-gvrpcemh7-dhruvpatel16120s-projects.vercel.app,udaansetu-gvrpcemh7-dhruvpatel16120s-projects.vercel.app,dpl_HUgNGHhXmKw9hjgzUS5N9BrQZ9Bz,10,sfo1,,,,prj_kErXilNoIEsHWK4baWoKnskemxTi,,,,,
2026-01-30 17:50:34,1769795434556,udaansetu-gvrpcemh7-dhruvpatel16120s-projects.vercel.app/auth,GET,_rsc=1r34m,200,2dgsd-1769795434556-fa3174613d33,"Mozilla/5.0 (X11; Linux x86_64) AppleWebKit/537.36 (KHTML, like Gecko) HeadlessChrome/141.0.7390.0 Safari/537.36",,production,main,HIT,static,/frontend/auth,udaansetu-gvrpcemh7-dhruvpatel16120s-projects.vercel.app,udaansetu-gvrpcemh7-dhruvpatel16120s-projects.vercel.app,dpl_HUgNGHhXmKw9hjgzUS5N9BrQZ9Bz,7,sfo1,,,,prj_kErXilNoIEsHWK4baWoKnskemxTi,,,,,
2026-01-30 17:50:34,1769795434529,udaansetu-gvrpcemh7-dhruvpatel16120s-projects.vercel.app/,GET,,200,q7527-1769795434529-847b09f88385,"Mozilla/5.0 (X11; Linux x86_64) AppleWebKit/537.36 (KHTML, like Gecko) HeadlessChrome/141.0.7390.0 Safari/537.36",,production,main,HIT,static,/frontend/,udaansetu-gvrpcemh7-dhruvpatel16120s-projects.vercel.app,udaansetu-gvrpcemh7-dhruvpatel16120s-projects.vercel.app,dpl_HUgNGHhXmKw9hjgzUS5N9BrQZ9Bz,12,sfo1,,,,prj_kErXilNoIEsHWK4baWoKnskemxTi,,,,,
2026-01-30 17:50:34,1769795434469,udaansetu-gvrpcemh7-dhruvpatel16120s-projects.vercel.app/,GET,_rsc=1r34m,200,kjcp2-1769795434469-e1abc46b6bfa,"Mozilla/5.0 (X11; Linux x86_64) AppleWebKit/537.36 (KHTML, like Gecko) HeadlessChrome/141.0.7390.0 Safari/537.36",,production,main,HIT,static,/frontend/,udaansetu-gvrpcemh7-dhruvpatel16120s-projects.vercel.app,udaansetu-gvrpcemh7-dhruvpatel16120s-projects.vercel.app,dpl_HUgNGHhXmKw9hjgzUS5N9BrQZ9Bz,67,sfo1,,,,prj_kErXilNoIEsHWK4baWoKnskemxTi,,,,,
2026-01-30 17:50:34,1769795434457,udaansetu-gvrpcemh7-dhruvpatel16120s-projects.vercel.app/assessment,GET,_rsc=1r34m,200,9wldt-1769795434457-403cf177e91c,"Mozilla/5.0 (X11; Linux x86_64) AppleWebKit/537.36 (KHTML, like Gecko) HeadlessChrome/141.0.7390.0 Safari/537.36",,production,main,PRERENDER,static,/frontend/assessment,udaansetu-gvrpcemh7-dhruvpatel16120s-projects.vercel.app,udaansetu-gvrpcemh7-dhruvpatel16120s-projects.vercel.app,dpl_HUgNGHhXmKw9hjgzUS5N9BrQZ9Bz,298,sfo1,,,,prj_kErXilNoIEsHWK4baWoKnskemxTi,,,,,
2026-01-30 17:50:34,1769795434356,udaansetu-gvrpcemh7-dhruvpatel16120s-projects.vercel.app/auth,GET,mode=sign-in&_rsc=1r34m,200,zs9ws-1769795434356-e3cfd60e10f3,"Mozilla/5.0 (X11; Linux x86_64) AppleWebKit/537.36 (KHTML, like Gecko) HeadlessChrome/141.0.7390.0 Safari/537.36",,production,main,HIT,static,/frontend/auth,udaansetu-gvrpcemh7-dhruvpatel16120s-projects.vercel.app,udaansetu-gvrpcemh7-dhruvpatel16120s-projects.vercel.app,dpl_HUgNGHhXmKw9hjgzUS5N9BrQZ9Bz,269,sfo1,,,,prj_kErXilNoIEsHWK4baWoKnskemxTi,,,,,
2026-01-30 17:50:34,1769795434346,udaansetu-gvrpcemh7-dhruvpatel16120s-projects.vercel.app/auth,GET,mode=sign-up&_rsc=1r34m,200,wkf8s-1769795434346-8b882f6c34bb,"Mozilla/5.0 (X11; Linux x86_64) AppleWebKit/537.36 (KHTML, like Gecko) HeadlessChrome/141.0.7390.0 Safari/537.36",,production,main,PRERENDER,static,/frontend/auth,udaansetu-gvrpcemh7-dhruvpatel16120s-projects.vercel.app,udaansetu-gvrpcemh7-dhruvpatel16120s-projects.vercel.app,dpl_HUgNGHhXmKw9hjgzUS5N9BrQZ9Bz,112,sfo1,,,,prj_kErXilNoIEsHWK4baWoKnskemxTi,,,,,
2026-01-30 17:50:34,1769795434346,udaansetu-gvrpcemh7-dhruvpatel16120s-projects.vercel.app/auth/sign-up,GET,_rsc=1r34m,200,9wldt-1769795434346-27a8a3526c0c,"Mozilla/5.0 (X11; Linux x86_64) AppleWebKit/537.36 (KHTML, like Gecko) HeadlessChrome/141.0.7390.0 Safari/537.36",,production,main,PRERENDER,static,/frontend/auth/sign-up,udaansetu-gvrpcemh7-dhruvpatel16120s-projects.vercel.app,udaansetu-gvrpcemh7-dhruvpatel16120s-projects.vercel.app,dpl_HUgNGHhXmKw9hjgzUS5N9BrQZ9Bz,100,sfo1,,,,prj_kErXilNoIEsHWK4baWoKnskemxTi,,,,,
2026-01-30 17:50:34,1769795434346,udaansetu-gvrpcemh7-dhruvpatel16120s-projects.vercel.app/about,GET,_rsc=1r34m,200,2t9rq-1769795434346-6505c906830b,"Mozilla/5.0 (X11; Linux x86_64) AppleWebKit/537.36 (KHTML, like Gecko) HeadlessChrome/141.0.7390.0 Safari/537.36",,production,main,HIT,static,/frontend/about,udaansetu-gvrpcemh7-dhruvpatel16120s-projects.vercel.app,udaansetu-gvrpcemh7-dhruvpatel16120s-projects.vercel.app,dpl_HUgNGHhXmKw9hjgzUS5N9BrQZ9Bz,6,sfo1,,,,prj_kErXilNoIEsHWK4baWoKnskemxTi,,,,,
2026-01-30 17:50:34,1769795434117,udaansetu-gvrpcemh7-dhruvpatel16120s-projects.vercel.app/auth,GET,mode=sign-in&_rsc=1r34m,200,q5jsz-1769795434117-a974eca008aa,vercel-screenshot/1.0,,production,main,PRERENDER,static,/frontend/auth,udaansetu-gvrpcemh7-dhruvpatel16120s-projects.vercel.app,udaansetu-gvrpcemh7-dhruvpatel16120s-projects.vercel.app,dpl_HUgNGHhXmKw9hjgzUS5N9BrQZ9Bz,273,sfo1,,,,prj_kErXilNoIEsHWK4baWoKnskemxTi,,,,,
2026-01-30 17:50:34,1769795434110,udaansetu-gvrpcemh7-dhruvpatel16120s-projects.vercel.app/auth,GET,mode=sign-up&_rsc=1r34m,200,m5g6j-1769795434110-654893d4ecc2,vercel-screenshot/1.0,,production,main,PRERENDER,static,/frontend/auth,udaansetu-gvrpcemh7-dhruvpatel16120s-projects.vercel.app,udaansetu-gvrpcemh7-dhruvpatel16120s-projects.vercel.app,dpl_HUgNGHhXmKw9hjgzUS5N9BrQZ9Bz,306,sfo1,,,,prj_kErXilNoIEsHWK4baWoKnskemxTi,,,,,
2026-01-30 17:50:34,1769795434105,udaansetu-gvrpcemh7-dhruvpatel16120s-projects.vercel.app/about,GET,_rsc=1r34m,200,h9hhv-1769795434105-8a8d948906a1,vercel-screenshot/1.0,,production,main,PRERENDER,static,/frontend/about,udaansetu-gvrpcemh7-dhruvpatel16120s-projects.vercel.app,udaansetu-gvrpcemh7-dhruvpatel16120s-projects.vercel.app,dpl_HUgNGHhXmKw9hjgzUS5N9BrQZ9Bz,238,sfo1,,,,prj_kErXilNoIEsHWK4baWoKnskemxTi,,,,,
2026-01-30 17:50:34,1769795434105,udaansetu-gvrpcemh7-dhruvpatel16120s-projects.vercel.app/auth/sign-up,GET,_rsc=1r34m,200,7t5rn-1769795434105-69afa48e0f4c,vercel-screenshot/1.0,,production,main,PRERENDER,static,/frontend/auth/sign-up,udaansetu-gvrpcemh7-dhruvpatel16120s-projects.vercel.app,udaansetu-gvrpcemh7-dhruvpatel16120s-projects.vercel.app,dpl_HUgNGHhXmKw9hjgzUS5N9BrQZ9Bz,289,sfo1,,,,prj_kErXilNoIEsHWK4baWoKnskemxTi,,,,,
2026-01-30 17:50:34,1769795434092,udaansetu-gvrpcemh7-dhruvpatel16120s-projects.vercel.app/auth,GET,mode=sign-up&_rsc=1r34m,200,fbn9s-1769795434092-053099851ab3,vercel-screenshot/1.0,,production,main,PRERENDER,static,/frontend/auth,udaansetu-gvrpcemh7-dhruvpatel16120s-projects.vercel.app,udaansetu-gvrpcemh7-dhruvpatel16120s-projects.vercel.app,dpl_HUgNGHhXmKw9hjgzUS5N9BrQZ9Bz,307,sfo1,,,,prj_kErXilNoIEsHWK4baWoKnskemxTi,,,,,
2026-01-30 17:50:34,1769795434087,udaansetu-gvrpcemh7-dhruvpatel16120s-projects.vercel.app/about,GET,_rsc=1r34m,200,q7527-1769795434087-b8342ae97646,vercel-screenshot/1.0,,production,main,PRERENDER,static,/frontend/about,udaansetu-gvrpcemh7-dhruvpatel16120s-projects.vercel.app,udaansetu-gvrpcemh7-dhruvpatel16120s-projects.vercel.app,dpl_HUgNGHhXmKw9hjgzUS5N9BrQZ9Bz,270,sfo1,,,,prj_kErXilNoIEsHWK4baWoKnskemxTi,,,,,
2026-01-30 17:50:34,1769795434085,udaansetu-gvrpcemh7-dhruvpatel16120s-projects.vercel.app/auth/sign-up,GET,_rsc=1r34m,200,5dzmx-1769795434085-257b2171d253,vercel-screenshot/1.0,,production,main,PRERENDER,static,/frontend/auth/sign-up,udaansetu-gvrpcemh7-dhruvpatel16120s-projects.vercel.app,udaansetu-gvrpcemh7-dhruvpatel16120s-projects.vercel.app,dpl_HUgNGHhXmKw9hjgzUS5N9BrQZ9Bz,299,sfo1,,,,prj_kErXilNoIEsHWK4baWoKnskemxTi,,,,,
2026-01-30 17:50:33,1769795433623,udaansetu-gvrpcemh7-dhruvpatel16120s-projects.vercel.app/,GET,,200,trkw8-1769795433623-0ef86619e740,vercel-screenshot/1.0,,production,main,HIT,static,/frontend/,udaansetu-gvrpcemh7-dhruvpatel16120s-projects.vercel.app,udaansetu-gvrpcemh7-dhruvpatel16120s-projects.vercel.app,dpl_HUgNGHhXmKw9hjgzUS5N9BrQZ9Bz,7,sfo1,,,,prj_kErXilNoIEsHWK4baWoKnskemxTi,,,,,
2026-01-30 17:50:33,1769795433588,udaansetu-gvrpcemh7-dhruvpatel16120s-projects.vercel.app/,GET,,200,dnz8w-1769795433588-f7fc75310e51,vercel-screenshot/1.0,,production,main,HIT,static,/frontend/,udaansetu-gvrpcemh7-dhruvpatel16120s-projects.vercel.app,udaansetu-gvrpcemh7-dhruvpatel16120s-projects.vercel.app,dpl_HUgNGHhXmKw9hjgzUS5N9BrQZ9Bz,36,sfo1,,,,prj_kErXilNoIEsHWK4baWoKnskemxTi,,,,,
2026-01-30 17:50:33,1769795433095,udaansetu-gvrpcemh7-dhruvpatel16120s-projects.vercel.app/,GET,,200,zzxbm-1769795433095-a61a4fdb9859,vercel-screenshot/1.0,,production,main,HIT,static,/frontend/,udaansetu-gvrpcemh7-dhruvpatel16120s-projects.vercel.app,udaansetu-gvrpcemh7-dhruvpatel16120s-projects.vercel.app,dpl_HUgNGHhXmKw9hjgzUS5N9BrQZ9Bz,460,sfo1,,,,prj_kErXilNoIEsHWK4baWoKnskemxTi,,,,,
2026-01-30 17:50:33,1769795433044,udaansetu-gvrpcemh7-dhruvpatel16120s-projects.vercel.app/,GET,,200,q6wwq-1769795433044-e7953081e7b3,"Mozilla/5.0 (X11; Linux x86_64) AppleWebKit/537.36 (KHTML, like Gecko) HeadlessChrome/141.0.7390.0 Safari/537.36",,production,main,PRERENDER,static,/frontend/,udaansetu-gvrpcemh7-dhruvpatel16120s-projects.vercel.app,udaansetu-gvrpcemh7-dhruvpatel16120s-projects.vercel.app,dpl_HUgNGHhXmKw9hjgzUS5N9BrQZ9Bz,437,sfo1,,,,prj_kErXilNoIEsHWK4baWoKnskemxTi,,,,,
2026-01-30 17:44:09,1769795049201,udaansetuai.vercel.app/,GET,,404,2rghq-1769795049201-3b714578cc23,"Mozilla/5.0 (Windows NT 10.0; Win64; x64) AppleWebKit/537.36 (KHTML, like Gecko) Chrome/143.0.0.0 Safari/537.36",,production,main,,static,/,udaansetuai.vercel.app,udaansetu-jgc9ockxg-dhruvpatel16120s-projects.vercel.app,dpl_DUNahRExFVR3b9xdADkdmxDEqC4P,240,bom1,,,,prj_kErXilNoIEsHWK4baWoKnskemxTi,,,,,
2026-01-30 17:43:27,1769795007081,udaansetuai.vercel.app/8000,GET,,404,x9m72-1769795007081-f46907c044f5,"Mozilla/5.0 (Windows NT 10.0; Win64; x64) AppleWebKit/537.36 (KHTML, like Gecko) Chrome/143.0.0.0 Safari/537.36",,production,main,,static,/8000,udaansetuai.vercel.app,udaansetu-jgc9ockxg-dhruvpatel16120s-projects.vercel.app,dpl_DUNahRExFVR3b9xdADkdmxDEqC4P,600,bom1,,,,prj_kErXilNoIEsHWK4baWoKnskemxTi,,,,,
2026-01-30 17:43:13,1769794993522,udaansetuai.vercel.app/,GET,,404,xdlf5-1769794993522-62ee04d69492,"Mozilla/5.0 (Windows NT 10.0; Win64; x64) AppleWebKit/537.36 (KHTML, like Gecko) Chrome/143.0.0.0 Safari/537.36",,production,main,,static,/,udaansetuai.vercel.app,udaansetu-jgc9ockxg-dhruvpatel16120s-projects.vercel.app,dpl_DUNahRExFVR3b9xdADkdmxDEqC4P,225,bom1,,,,prj_kErXilNoIEsHWK4baWoKnskemxTi,,,,,
2026-01-30 17:43:05,1769794985361,udaansetuai.vercel.app/,GET,,404,4ncdr-1769794985361-c03eaebd0b59,"Mozilla/5.0 (Windows NT 10.0; Win64; x64) AppleWebKit/537.36 (KHTML, like Gecko) Chrome/143.0.0.0 Safari/537.36",,production,main,,static,/,udaansetuai.vercel.app,udaansetu-jgc9ockxg-dhruvpatel16120s-projects.vercel.app,dpl_DUNahRExFVR3b9xdADkdmxDEqC4P,468,bom1,,,,prj_kErXilNoIEsHWK4baWoKnskemxTi,,,,,
2026-01-30 17:42:26,1769794946637,udaansetu-jgc9ockxg-dhruvpatel16120s-projects.vercel.app/favicon.ico,GET,,404,dcxsx-1769794946637-7b824b52303b,vercel-screenshot/1.0,,production,main,,static,/favicon.ico,udaansetu-jgc9ockxg-dhruvpatel16120s-projects.vercel.app,udaansetu-jgc9ockxg-dhruvpatel16120s-projects.vercel.app,dpl_DUNahRExFVR3b9xdADkdmxDEqC4P,115,sfo1,,,,prj_kErXilNoIEsHWK4baWoKnskemxTi,,,,,
2026-01-30 17:42:26,1769794946317,udaansetu-jgc9ockxg-dhruvpatel16120s-projects.vercel.app/,GET,,404,98gq4-1769794946317-1cd1b0c79da0,vercel-screenshot/1.0,,production,main,,static,/,udaansetu-jgc9ockxg-dhruvpatel16120s-projects.vercel.app,udaansetu-jgc9ockxg-dhruvpatel16120s-projects.vercel.app,dpl_DUNahRExFVR3b9xdADkdmxDEqC4P,83,sfo1,,,,prj_kErXilNoIEsHWK4baWoKnskemxTi,,,,,
2026-01-30 17:42:26,1769794946273,udaansetu-jgc9ockxg-dhruvpatel16120s-projects.vercel.app/,GET,,404,dk8z5-1769794946273-17e52d90a03f,vercel-screenshot/1.0,,production,main,,static,/,udaansetu-jgc9ockxg-dhruvpatel16120s-projects.vercel.app,udaansetu-jgc9ockxg-dhruvpatel16120s-projects.vercel.app,dpl_DUNahRExFVR3b9xdADkdmxDEqC4P,129,sfo1,,,,prj_kErXilNoIEsHWK4baWoKnskemxTi,,,,,
2026-01-30 17:42:25,1769794945989,udaansetu-jgc9ockxg-dhruvpatel16120s-projects.vercel.app/,GET,,404,zs9kz-1769794945989-f90807ea76d0,"Mozilla/5.0 (X11; Linux x86_64) AppleWebKit/537.36 (KHTML, like Gecko) HeadlessChrome/141.0.7390.0 Safari/537.36",,production,main,,static,/,udaansetu-jgc9ockxg-dhruvpatel16120s-projects.vercel.app,udaansetu-jgc9ockxg-dhruvpatel16120s-projects.vercel.app,dpl_DUNahRExFVR3b9xdADkdmxDEqC4P,195,sfo1,,,,prj_kErXilNoIEsHWK4baWoKnskemxTi,,,,,
2026-01-30 17:32:08,1769794328241,udaansetuai.vercel.app/,GET,,404,bl49p-1769794328241-fe2d2cf6b337,"Mozilla/5.0 (Windows NT 10.0; Win64; x64) AppleWebKit/537.36 (KHTML, like Gecko) Chrome/144.0.0.0 Safari/537.36",,production,main,,static,/404.html,udaansetuai.vercel.app,udaansetu-bp5px60wg-dhruvpatel16120s-projects.vercel.app,dpl_HdGbHUBGPphiVsh2t3i3HsGtYE9W,245,bom1,,,,prj_kErXilNoIEsHWK4baWoKnskemxTi,,,,,